GRID_TYPE,GAME_ID,GAME_EVENT_ID,PLAYER_ID,PLAYER_NAME,TEAM_ID,TEAM_NAME,PERIOD,MINUTES_REMAINING,SECONDS_REMAINING,EVENT_TYPE,ACTION_TYPE,SHOT_TYPE,SHOT_ZONE_BASIC,SHOT_ZONE_AREA,SHOT_ZONE_RANGE,SHOT_DISTANCE,LOC_X,LOC_Y,SHOT_ATTEMPTED_FLAG,SHOT_MADE_FLAG,GAME_DATE,HTM,VTM
Shot Chart Detail,0022100008,159,1627736,Malik Beasley,1610612750,Minnesota Timberwolves,1,1,30,Made Shot,Running Dunk Shot,2PT Field Goal,Restricted Area,Center(C),Less Than 8 ft.,0,2,0,1,1,20211020,MIN,HOU
Shot Chart Detail,0022100008,325,1627736,Malik Beasley,1610612750,Minnesota Timberwolves,2,1,19,Made Shot,Jump Shot,3PT Field Goal,Above the Break 3,Left Side Center(LC),24+ ft.,24,-168,180,1,1,20211020,MIN,HOU
Shot Chart Detail,0022100008,429,1627736,Malik Beasley,1610612750,Minnesota Timberwolves,3,5,34,Made Shot,Pullup Jump shot,2PT Field Goal,In The Paint (Non-RA),Center(C),8-16 ft.,11,28,109,1,1,20211020,MIN,HOU
Shot Chart Detail,0022100008,494,1627736,Malik Beasley,1610612750,Minnesota Timberwolves,3,1,59,Made Shot,Cutting Layup Shot,2PT Field Goal,Restricted Area,Center(C),Less Than 8 ft.,1,-1,16,1,1,20211020,MIN,HOU
Shot Chart Detail,0022100031,527,1627736,Malik Beasley,1610612750,Minnesota Timberwolves,3,2,24,Made Shot,Jump Shot,2PT Field Goal,Mid-Range,Left Side(L),16-24 ft.,19,-191,43,1,1,20211023,MIN,NOP
Shot Chart Detail,0022100031,573,1627736,Malik Beasley,1610612750,Minnesota Timberwolves,4,11,16,Made Shot,Driving Layup Shot,2PT Field Goal,Restricted Area,Center(C),Less Than 8 ft.,1,18,-7,1,1,20211023,MIN,NOP
Shot Chart Detail,0022100031,599,1627736,Malik Beasley,1610612750,Minnesota Timberwolves,4,9,38,Made Shot,Running Layup Shot,2PT Field Goal,Restricted Area,Center(C),Less Than 8 ft.,1,16,-1,1,1,20211023,MIN,NOP
Shot Chart Detail,0022100047,141,1627736,Malik Beasley,1610612750,Minnesota Timberwolves,1,2,12,Made Shot,Jump Shot,3PT Field Goal,Left Corner 3,Left Side(L),24+ ft.,23,-235,13,1,1,20211025,MIN,NOP
Shot Chart Detail,0022100060,486,1627736,Malik Beasley,1610612750,Minnesota Timberwolves,3,3,34,Made Shot,Jump Shot,3PT Field Goal,Left Corner 3,Left Side(L),24+ ft.,22,-229,6,1,1,20211027,MIL,MIN
Shot Chart Detail,0022100060,545,1627736,Malik Beasley,1610612750,Minnesota Timberwolves,4,11,26,Made Shot,Jump Shot,3PT Field Goal,Above the Break 3,Left Side Center(LC),24+ ft.,26,-116,237,1,1,20211027,MIL,MIN
Shot Chart Detail,0022100087,115,1627736,Malik Beasley,1610612750,Minnesota Timberwolves,1,3,24,Made Shot,Jump Shot,3PT Field Goal,Above the Break 3,Right Side Center(RC),24+ ft.,26,157,216,1,1,20211030,MIN,DEN
Shot Chart Detail,0022100087,172,1627736,Malik Beasley,1610612750,Minnesota Timberwolves,2,11,36,Made Shot,Jump Shot,3PT Field Goal,Left Corner 3,Left Side(L),24+ ft.,22,-221,-5,1,1,20211030,MIN,DEN
Shot Chart Detail,0022100087,448,1627736,Malik Beasley,1610612750,Minnesota Timberwolves,3,5,16,Made Shot,Jump Shot,3PT Field Goal,Left Corner 3,Left Side(L),24+ ft.,22,-225,16,1,1,20211030,MIN,DEN
Shot Chart Detail,0022100087,476,1627736,Malik Beasley,1610612750,Minnesota Timberwolves,3,3,37,Made Shot,Jump Shot,3PT Field Goal,Above the Break 3,Center(C),24+ ft.,24,-10,247,1,1,20211030,MIN,DEN
Shot Chart Detail,0022100087,500,1627736,Malik Beasley,1610612750,Minnesota Timberwolves,3,1,9,Made Shot,Step Back Jump shot,3PT Field Goal,Above the Break 3,Right Side Center(RC),24+ ft.,25,165,188,1,1,20211030,MIN,DEN
Shot Chart Detail,0022100087,528,1627736,Malik Beasley,1610612750,Minnesota Timberwolves,4,10,24,Made Shot,Jump Shot,3PT Field Goal,Above the Break 3,Center(C),24+ ft.,25,44,248,1,1,20211030,MIN,DEN
Shot Chart Detail,0022100101,97,1627736,Malik Beasley,1610612750,Minnesota Timberwolves,1,5,44,Made Shot,Jump Shot,3PT Field Goal,Above the Break 3,Center(C),24+ ft.,25,20,254,1,1,20211101,MIN,ORL
Shot Chart Detail,0022100101,292,1627736,Malik Beasley,1610612750,Minnesota Timberwolves,2,5,36,Made Shot,Pullup Jump shot,2PT Field Goal,Mid-Range,Left Side Center(LC),16-24 ft.,20,-102,183,1,1,20211101,MIN,ORL
Shot Chart Detail,0022100101,565,1627736,Malik Beasley,1610612750,Minnesota Timberwolves,4,7,53,Made Shot,Jump Shot,3PT Field Goal,Above the Break 3,Center(C),24+ ft.,25,-12,255,1,1,20211101,MIN,ORL
Shot Chart Detail,0022100101,680,1627736,Malik Beasley,1610612750,Minnesota Timberwolves,4,0,23,Made Shot,Step Back Jump shot,3PT Field Goal,Above the Break 3,Center(C),24+ ft.,25,-76,239,1,1,20211101,MIN,ORL
Shot Chart Detail,0022100115,241,1627736,Malik Beasley,1610612750,Minnesota Timberwolves,2,4,33,Made Shot,Jump Shot,3PT Field Goal,Right Corner 3,Right Side(R),24+ ft.,22,221,21,1,1,20211103,MIN,LAC
Shot Chart Detail,0022100115,244,1627736,Malik Beasley,1610612750,Minnesota Timberwolves,2,3,48,Made Shot,Jump Shot,3PT Field Goal,Above the Break 3,Left Side Center(LC),24+ ft.,25,-91,236,1,1,20211103,MIN,LAC
Shot Chart Detail,0022100115,264,1627736,Malik Beasley,1610612750,Minnesota Timberwolves,2,1,6,Made Shot,Jump Shot,3PT Field Goal,Above the Break 3,Center(C),24+ ft.,26,-53,258,1,1,20211103,MIN,LAC
Shot Chart Detail,0022100115,354,1627736,Malik Beasley,1610612750,Minnesota Timberwolves,3,5,42,Made Shot,Driving Layup Shot,2PT Field Goal,Restricted Area,Center(C),Less Than 8 ft.,2,25,13,1,1,20211103,MIN,LAC
Shot Chart Detail,0022100115,556,1627736,Malik Beasley,1610612750,Minnesota Timberwolves,4,3,45,Made Shot,Jump Shot,3PT Field Goal,Above the Break 3,Left Side Center(LC),24+ ft.,24,-199,140,1,1,20211103,MIN,LAC
Shot Chart Detail,0022100129,206,1627736,Malik Beasley,1610612750,Minnesota Timberwolves,2,8,10,Made Shot,Jump Shot,3PT Field Goal,Above the Break 3,Left Side Center(LC),24+ ft.,25,-188,172,1,1,20211105,MIN,LAC
Shot Chart Detail,0022100129,251,1627736,Malik Beasley,1610612750,Minnesota Timberwolves,2,6,25,Made Shot,Jump Shot,3PT Field Goal,Above the Break 3,Right Side Center(RC),24+ ft.,24,92,232,1,1,20211105,MIN,LAC
Shot Chart Detail,0022100129,330,1627736,Malik Beasley,1610612750,Minnesota Timberwolves,2,0,16,Made Shot,Jump Shot,3PT Field Goal,Above the Break 3,Right Side Center(RC),24+ ft.,24,127,212,1,1,20211105,MIN,LAC
Shot Chart Detail,0022100129,480,1627736,Malik Beasley,1610612750,Minnesota Timberwolves,3,2,34,Made Shot,Pullup Jump shot,3PT Field Goal,Above the Break 3,Right Side Center(RC),24+ ft.,26,137,225,1,1,20211105,MIN,LAC
Shot Chart Detail,0022100129,491,1627736,Malik Beasley,1610612750,Minnesota Timberwolves,3,2,11,Made Shot,Jump Shot,3PT Field Goal,Above the Break 3,Right Side Center(RC),24+ ft.,25,230,103,1,1,20211105,MIN,LAC
Shot Chart Detail,0022100129,633,1627736,Malik Beasley,1610612750,Minnesota Timberwolves,4,5,30,Made Shot,Jump Shot,3PT Field Goal,Left Corner 3,Left Side(L),24+ ft.,22,-227,-2,1,1,20211105,MIN,LAC
Shot Chart Detail,0022100149,170,1627736,Malik Beasley,1610612750,Minnesota Timberwolves,2,11,49,Made Shot,Pullup Jump shot,2PT Field Goal,In The Paint (Non-RA),Center(C),8-16 ft.,13,-48,126,1,1,20211108,MEM,MIN
Shot Chart Detail,0022100149,470,1627736,Malik Beasley,1610612750,Minnesota Timberwolves,3,2,14,Made Shot,Pullup Jump shot,2PT Field Goal,In The Paint (Non-RA),Center(C),8-16 ft.,13,-34,132,1,1,20211108,MEM,MIN
Shot Chart Detail,0022100169,603,1627736,Malik Beasley,1610612750,Minnesota Timberwolves,4,9,40,Made Shot,Fadeaway Jump Shot,2PT Field Goal,In The Paint (Non-RA),Center(C),8-16 ft.,10,45,92,1,1,20211110,GSW,MIN
Shot Chart Detail,0022100184,431,1627736,Malik Beasley,1610612750,Minnesota Timberwolves,3,4,56,Made Shot,Jump Shot,3PT Field Goal,Left Corner 3,Left Side(L),24+ ft.,23,-229,56,1,1,20211112,LAL,MIN
Shot Chart Detail,0022100184,560,1627736,Malik Beasley,1610612750,Minnesota Timberwolves,4,7,12,Made Shot,Layup Shot,2PT Field Goal,Restricted Area,Center(C),Less Than 8 ft.,1,4,17,1,1,20211112,LAL,MIN
Shot Chart Detail,0022100191,176,1627736,Malik Beasley,1610612750,Minnesota Timberwolves,2,10,13,Made Shot,Jump Shot,3PT Field Goal,Above the Break 3,Right Side Center(RC),24+ ft.,25,151,209,1,1,20211113,LAC,MIN
Shot Chart Detail,0022100191,381,1627736,Malik Beasley,1610612750,Minnesota Timberwolves,3,7,11,Made Shot,Pullup Jump shot,2PT Field Goal,In The Paint (Non-RA),Center(C),8-16 ft.,9,5,92,1,1,20211113,LAC,MIN
Shot Chart Detail,0022100191,492,1627736,Malik Beasley,1610612750,Minnesota Timberwolves,4,9,57,Made Shot,Running Layup Shot,2PT Field Goal,Restricted Area,Center(C),Less Than 8 ft.,1,-13,10,1,1,20211113,LAC,MIN
Shot Chart Detail,0022100206,240,1627736,Malik Beasley,1610612750,Minnesota Timberwolves,2,6,45,Made Shot,Jump Shot,3PT Field Goal,Right Corner 3,Right Side(R),24+ ft.,23,225,63,1,1,20211115,MIN,PHX
Shot Chart Detail,0022100206,244,1627736,Malik Beasley,1610612750,Minnesota Timberwolves,2,6,21,Made Shot,Jump Shot,3PT Field Goal,Above the Break 3,Right Side Center(RC),24+ ft.,24,190,152,1,1,20211115,MIN,PHX
Shot Chart Detail,0022100206,251,1627736,Malik Beasley,1610612750,Minnesota Timberwolves,2,5,46,Made Shot,Jump Shot,3PT Field Goal,Above the Break 3,Center(C),24+ ft.,25,45,248,1,1,20211115,MIN,PHX
Shot Chart Detail,0022100206,501,1627736,Malik Beasley,1610612750,Minnesota Timberwolves,3,0,28,Made Shot,Step Back Jump shot,3PT Field Goal,Right Corner 3,Right Side(R),24+ ft.,23,222,75,1,1,20211115,MIN,PHX
Shot Chart Detail,0022100220,497,1627736,Malik Beasley,1610612750,Minnesota Timberwolves,3,1,38,Made Shot,Pullup Jump shot,3PT Field Goal,Above the Break 3,Right Side Center(RC),24+ ft.,24,115,221,1,1,20211117,MIN,SAC
Shot Chart Detail,0022100227,192,1627736,Malik Beasley,1610612750,Minnesota Timberwolves,2,10,8,Made Shot,Jump Shot,3PT Field Goal,Above the Break 3,Right Side Center(RC),24+ ft.,24,202,142,1,1,20211118,MIN,SAS
Shot Chart Detail,0022100227,208,1627736,Malik Beasley,1610612750,Minnesota Timberwolves,2,8,44,Made Shot,Jump Shot,3PT Field Goal,Above the Break 3,Center(C),24+ ft.,24,42,245,1,1,20211118,MIN,SAS
Shot Chart Detail,0022100227,325,1627736,Malik Beasley,1610612750,Minnesota Timberwolves,2,1,18,Made Shot,Jump Shot,3PT Field Goal,Above the Break 3,Right Side Center(RC),24+ ft.,25,211,146,1,1,20211118,MIN,SAS
Shot Chart Detail,0022100227,413,1627736,Malik Beasley,1610612750,Minnesota Timberwolves,3,5,17,Made Shot,Jump Shot,3PT Field Goal,Left Corner 3,Left Side(L),24+ ft.,24,-232,65,1,1,20211118,MIN,SAS
Shot Chart Detail,0022100227,633,1627736,Malik Beasley,1610612750,Minnesota Timberwolves,4,0,44,Made Shot,Jump Shot,3PT Field Goal,Above the Break 3,Left Side Center(LC),24+ ft.,26,-212,152,1,1,20211118,MIN,SAS
Shot Chart Detail,0022100245,157,1627736,Malik Beasley,1610612750,Minnesota Timberwolves,1,0,36,Made Shot,Jump Shot,3PT Field Goal,Left Corner 3,Left Side(L),24+ ft.,22,-229,-5,1,1,20211120,MIN,MEM
Shot Chart Detail,0022100245,176,1627736,Malik Beasley,1610612750,Minnesota Timberwolves,2,11,18,Made Shot,Jump Shot,3PT Field Goal,Above the Break 3,Right Side Center(RC),24+ ft.,24,203,136,1,1,20211120,MIN,MEM
Shot Chart Detail,0022100245,244,1627736,Malik Beasley,1610612750,Minnesota Timberwolves,2,7,48,Made Shot,Jump Shot,3PT Field Goal,Left Corner 3,Left Side(L),24+ ft.,23,-232,17,1,1,20211120,MIN,MEM
Shot Chart Detail,0022100245,525,1627736,Malik Beasley,1610612750,Minnesota Timberwolves,3,1,26,Made Shot,Jump Shot,3PT Field Goal,Right Corner 3,Right Side(R),24+ ft.,23,230,17,1,1,20211120,MIN,MEM
Shot Chart Detail,0022100259,167,1627736,Malik Beasley,1610612750,Minnesota Timberwolves,1,0,52,Made Shot,Driving Layup Shot,2PT Field Goal,Restricted Area,Center(C),Less Than 8 ft.,3,36,6,1,1,20211122,NOP,MIN
Shot Chart Detail,0022100259,208,1627736,Malik Beasley,1610612750,Minnesota Timberwolves,2,10,10,Made Shot,Pullup Jump shot,2PT Field Goal,Mid-Range,Right Side Center(RC),16-24 ft.,18,121,135,1,1,20211122,NOP,MIN
Shot Chart Detail,0022100259,214,1627736,Malik Beasley,1610612750,Minnesota Timberwolves,2,9,32,Made Shot,Jump Shot,3PT Field Goal,Left Corner 3,Left Side(L),24+ ft.,23,-233,-41,1,1,20211122,NOP,MIN
Shot Chart Detail,0022100274,102,1627736,Malik Beasley,1610612750,Minnesota Timberwolves,1,4,21,Made Shot,Jump Shot,3PT Field Goal,Above the Break 3,Left Side Center(LC),24+ ft.,24,-192,155,1,1,20211124,MIN,MIA
Shot Chart Detail,0022100274,115,1627736,Malik Beasley,1610612750,Minnesota Timberwolves,1,3,29,Made Shot,Running Layup Shot,2PT Field Goal,Restricted Area,Center(C),Less Than 8 ft.,1,12,11,1,1,20211124,MIN,MIA
Shot Chart Detail,0022100274,159,1627736,Malik Beasley,1610612750,Minnesota Timberwolves,1,0,33,Made Shot,Jump Shot,3PT Field Goal,Above the Break 3,Right Side Center(RC),24+ ft.,27,145,232,1,1,20211124,MIN,MIA
Shot Chart Detail,0022100274,208,1627736,Malik Beasley,1610612750,Minnesota Timberwolves,2,9,6,Made Shot,Jump Shot,3PT Field Goal,Left Corner 3,Left Side(L),24+ ft.,23,-234,0,1,1,20211124,MIN,MIA
Shot Chart Detail,0022100274,360,1627736,Malik Beasley,1610612750,Minnesota Timberwolves,2,0,10,Made Shot,Cutting Finger Roll Layup Shot,2PT Field Goal,Restricted Area,Center(C),Less Than 8 ft.,3,31,13,1,1,20211124,MIN,MIA
Shot Chart Detail,0022100274,507,1627736,Malik Beasley,1610612750,Minnesota Timberwolves,3,1,57,Made Shot,Jump Shot,3PT Field Goal,Left Corner 3,Left Side(L),24+ ft.,23,-232,5,1,1,20211124,MIN,MIA
Shot Chart Detail,0022100274,552,1627736,Malik Beasley,1610612750,Minnesota Timberwolves,4,11,44,Made Shot,Driving Layup Shot,2PT Field Goal,Restricted Area,Center(C),Less Than 8 ft.,2,20,17,1,1,20211124,MIN,MIA
Shot Chart Detail,0022100274,603,1627736,Malik Beasley,1610612750,Minnesota Timberwolves,4,8,33,Made Shot,Jump Shot,3PT Field Goal,Left Corner 3,Left Side(L),24+ ft.,22,-229,20,1,1,20211124,MIN,MIA
Shot Chart Detail,0022100274,621,1627736,Malik Beasley,1610612750,Minnesota Timberwolves,4,7,0,Made Shot,Putback Layup Shot,2PT Field Goal,Restricted Area,Center(C),Less Than 8 ft.,2,17,20,1,1,20211124,MIN,MIA
Shot Chart Detail,0022100281,97,1627736,Malik Beasley,1610612750,Minnesota Timberwolves,1,4,18,Made Shot,Step Back Jump shot,3PT Field Goal,Right Corner 3,Right Side(R),24+ ft.,24,237,73,1,1,20211126,CHA,MIN
Shot Chart Detail,0022100281,126,1627736,Malik Beasley,1610612750,Minnesota Timberwolves,1,2,1,Made Shot,Running Pull-Up Jump Shot,3PT Field Goal,Above the Break 3,Right Side Center(RC),24+ ft.,26,121,231,1,1,20211126,CHA,MIN
Shot Chart Detail,0022100281,176,1627736,Malik Beasley,1610612750,Minnesota Timberwolves,2,10,14,Made Shot,Jump Shot,3PT Field Goal,Above the Break 3,Left Side Center(LC),24+ ft.,26,-205,161,1,1,20211126,CHA,MIN
Shot Chart Detail,0022100281,245,1627736,Malik Beasley,1610612750,Minnesota Timberwolves,2,5,46,Made Shot,Jump Shot,3PT Field Goal,Right Corner 3,Right Side(R),24+ ft.,23,233,17,1,1,20211126,CHA,MIN
Shot Chart Detail,0022100281,267,1627736,Malik Beasley,1610612750,Minnesota Timberwolves,2,3,41,Made Shot,Driving Layup Shot,2PT Field Goal,Restricted Area,Center(C),Less Than 8 ft.,1,2,17,1,1,20211126,CHA,MIN
Shot Chart Detail,0022100281,555,1627736,Malik Beasley,1610612750,Minnesota Timberwolves,4,9,47,Made Shot,Running Jump Shot,3PT Field Goal,Left Corner 3,Left Side(L),24+ ft.,23,-232,-6,1,1,20211126,CHA,MIN
Shot Chart Detail,0022100292,148,1627736,Malik Beasley,1610612750,Minnesota Timberwolves,1,0,0,Made Shot,Fadeaway Jump Shot,2PT Field Goal,Mid-Range,Right Side(R),16-24 ft.,18,184,-8,1,1,20211127,PHI,MIN
Shot Chart Detail,0022100292,420,1627736,Malik Beasley,1610612750,Minnesota Timberwolves,3,4,8,Made Shot,Jump Shot,3PT Field Goal,Left Corner 3,Left Side(L),24+ ft.,24,-238,34,1,1,20211127,PHI,MIN
Shot Chart Detail,0022100309,103,1627736,Malik Beasley,1610612750,Minnesota Timberwolves,1,3,10,Made Shot,Jump Shot,3PT Field Goal,Above the Break 3,Left Side Center(LC),24+ ft.,24,-192,147,1,1,20211129,MIN,IND
Shot Chart Detail,0022100309,647,1627736,Malik Beasley,1610612750,Minnesota Timberwolves,4,0,52,Made Shot,Jump Shot,3PT Field Goal,Right Corner 3,Right Side(R),24+ ft.,23,232,16,1,1,20211129,MIN,IND
Shot Chart Detail,0022100321,181,1627736,Malik Beasley,1610612750,Minnesota Timberwolves,1,0,17,Made Shot,Jump Shot,3PT Field Goal,Left Corner 3,Left Side(L),24+ ft.,24,-238,59,1,1,20211201,WAS,MIN
Shot Chart Detail,0022100321,529,1627736,Malik Beasley,1610612750,Minnesota Timberwolves,3,0,54,Made Shot,Jump Shot,3PT Field Goal,Above the Break 3,Right Side Center(RC),24+ ft.,26,146,223,1,1,20211201,WAS,MIN
Shot Chart Detail,0022100321,578,1627736,Malik Beasley,1610612750,Minnesota Timberwolves,4,8,55,Made Shot,Driving Layup Shot,2PT Field Goal,In The Paint (Non-RA),Center(C),Less Than 8 ft.,5,-10,49,1,1,20211201,WAS,MIN
Shot Chart Detail,0022100336,105,1627736,Malik Beasley,1610612750,Minnesota Timberwolves,1,4,48,Made Shot,Running Layup Shot,2PT Field Goal,Restricted Area,Center(C),Less Than 8 ft.,2,6,22,1,1,20211203,BKN,MIN
Shot Chart Detail,0022100336,126,1627736,Malik Beasley,1610612750,Minnesota Timberwolves,1,3,21,Made Shot,Pullup Jump shot,3PT Field Goal,Above the Break 3,Right Side Center(RC),24+ ft.,25,146,203,1,1,20211203,BKN,MIN
Shot Chart Detail,0022100336,142,1627736,Malik Beasley,1610612750,Minnesota Timberwolves,1,1,55,Made Shot,Running Pull-Up Jump Shot,3PT Field Goal,Above the Break 3,Right Side Center(RC),24+ ft.,24,102,224,1,1,20211203,BKN,MIN
Shot Chart Detail,0022100336,472,1627736,Malik Beasley,1610612750,Minnesota Timberwolves,3,5,26,Made Shot,Pullup Jump shot,2PT Field Goal,Mid-Range,Right Side Center(RC),16-24 ft.,22,104,202,1,1,20211203,BKN,MIN
Shot Chart Detail,0022100336,593,1627736,Malik Beasley,1610612750,Minnesota Timberwolves,4,11,8,Made Shot,Jump Shot,3PT Field Goal,Above the Break 3,Right Side Center(RC),24+ ft.,25,102,239,1,1,20211203,BKN,MIN
Shot Chart Detail,0022100336,603,1627736,Malik Beasley,1610612750,Minnesota Timberwolves,4,10,29,Made Shot,Jump Shot,3PT Field Goal,Above the Break 3,Center(C),24+ ft.,26,45,259,1,1,20211203,BKN,MIN
Shot Chart Detail,0022100359,460,1627736,Malik Beasley,1610612750,Minnesota Timberwolves,3,3,9,Made Shot,Jump Shot,3PT Field Goal,Right Corner 3,Right Side(R),24+ ft.,22,227,10,1,1,20211206,MIN,ATL
Shot Chart Detail,0022100359,488,1627736,Malik Beasley,1610612750,Minnesota Timberwolves,3,0,56,Made Shot,Driving Floating Jump Shot,2PT Field Goal,In The Paint (Non-RA),Center(C),Less Than 8 ft.,6,64,26,1,1,20211206,MIN,ATL
Shot Chart Detail,0022100359,491,1627736,Malik Beasley,1610612750,Minnesota Timberwolves,3,0,30,Made Shot,Pullup Jump shot,3PT Field Goal,Above the Break 3,Left Side Center(LC),24+ ft.,28,-98,265,1,1,20211206,MIN,ATL
Shot Chart Detail,0022100359,534,1627736,Malik Beasley,1610612750,Minnesota Timberwolves,4,8,32,Made Shot,Jump Shot,3PT Field Goal,Right Corner 3,Right Side(R),24+ ft.,22,227,-1,1,1,20211206,MIN,ATL
Shot Chart Detail,0022100359,542,1627736,Malik Beasley,1610612750,Minnesota Timberwolves,4,7,29,Made Shot,Jump Shot,3PT Field Goal,Right Corner 3,Right Side(R),24+ ft.,22,224,43,1,1,20211206,MIN,ATL
Shot Chart Detail,0022100359,567,1627736,Malik Beasley,1610612750,Minnesota Timberwolves,4,5,52,Made Shot,Jump Shot,3PT Field Goal,Above the Break 3,Right Side Center(RC),24+ ft.,24,145,200,1,1,20211206,MIN,ATL
Shot Chart Detail,0022100359,574,1627736,Malik Beasley,1610612750,Minnesota Timberwolves,4,5,22,Made Shot,Step Back Jump shot,3PT Field Goal,Left Corner 3,Left Side(L),24+ ft.,23,-228,74,1,1,20211206,MIN,ATL
Shot Chart Detail,0022100359,604,1627736,Malik Beasley,1610612750,Minnesota Timberwolves,4,3,8,Made Shot,Driving Dunk Shot,2PT Field Goal,Restricted Area,Center(C),Less Than 8 ft.,0,2,6,1,1,20211206,MIN,ATL
Shot Chart Detail,0022100359,629,1627736,Malik Beasley,1610612750,Minnesota Timberwolves,4,0,43,Made Shot,Running Layup Shot,2PT Field Goal,Restricted Area,Center(C),Less Than 8 ft.,1,14,4,1,1,20211206,MIN,ATL
Shot Chart Detail,0022100374,424,1627736,Malik Beasley,1610612750,Minnesota Timberwolves,3,4,23,Made Shot,Jump Shot,3PT Field Goal,Above the Break 3,Center(C),24+ ft.,24,-47,243,1,1,20211208,MIN,UTA
Shot Chart Detail,0022100374,459,1627736,Malik Beasley,1610612750,Minnesota Timberwolves,3,1,16,Made Shot,Driving Layup Shot,2PT Field Goal,Restricted Area,Center(C),Less Than 8 ft.,2,29,5,1,1,20211208,MIN,UTA
Shot Chart Detail,0022100374,499,1627736,Malik Beasley,1610612750,Minnesota Timberwolves,4,10,53,Made Shot,Jump Shot,3PT Field Goal,Above the Break 3,Left Side Center(LC),24+ ft.,24,-130,210,1,1,20211208,MIN,UTA
Shot Chart Detail,0022100374,543,1627736,Malik Beasley,1610612750,Minnesota Timberwolves,4,7,37,Made Shot,Jump Shot,3PT Field Goal,Above the Break 3,Left Side Center(LC),24+ ft.,24,-151,192,1,1,20211208,MIN,UTA
Shot Chart Detail,0022100374,574,1627736,Malik Beasley,1610612750,Minnesota Timberwolves,4,4,23,Made Shot,Jump Shot,3PT Field Goal,Above the Break 3,Left Side Center(LC),24+ ft.,25,-202,150,1,1,20211208,MIN,UTA
Shot Chart Detail,0022100387,62,1627736,Malik Beasley,1610612750,Minnesota Timberwolves,1,6,54,Made Shot,Running Layup Shot,2PT Field Goal,Restricted Area,Center(C),Less Than 8 ft.,1,-9,-6,1,1,20211210,MIN,CLE
Shot Chart Detail,0022100387,113,1627736,Malik Beasley,1610612750,Minnesota Timberwolves,1,3,9,Made Shot,Jump Shot,3PT Field Goal,Above the Break 3,Right Side Center(RC),24+ ft.,25,126,222,1,1,20211210,MIN,CLE
Shot Chart Detail,0022100387,152,1627736,Malik Beasley,1610612750,Minnesota Timberwolves,1,0,54,Made Shot,Driving Finger Roll Layup Shot,2PT Field Goal,Restricted Area,Center(C),Less Than 8 ft.,0,0,8,1,1,20211210,MIN,CLE
Shot Chart Detail,0022100387,276,1627736,Malik Beasley,1610612750,Minnesota Timberwolves,2,4,42,Made Shot,Jump Shot,3PT Field Goal,Left Corner 3,Left Side(L),24+ ft.,22,-222,43,1,1,20211210,MIN,CLE
Shot Chart Detail,0022100387,507,1627736,Malik Beasley,1610612750,Minnesota Timberwolves,3,2,10,Made Shot,Floating Jump shot,2PT Field Goal,In The Paint (Non-RA),Center(C),Less Than 8 ft.,5,10,49,1,1,20211210,MIN,CLE
Shot Chart Detail,0022100387,658,1627736,Malik Beasley,1610612750,Minnesota Timberwolves,4,3,56,Made Shot,Jump Shot,3PT Field Goal,Above the Break 3,Left Side Center(LC),24+ ft.,25,-170,191,1,1,20211210,MIN,CLE
Shot Chart Detail,0022100402,140,1627736,Malik Beasley,1610612750,Minnesota Timberwolves,1,1,6,Made Shot,Jump Shot,3PT Field Goal,Right Corner 3,Right Side(R),24+ ft.,23,229,27,1,1,20211212,POR,MIN
Shot Chart Detail,0022100402,479,1627736,Malik Beasley,1610612750,Minnesota Timberwolves,3,4,25,Made Shot,Jump Shot,3PT Field Goal,Left Corner 3,Left Side(L),24+ ft.,24,-235,65,1,1,20211212,POR,MIN
Shot Chart Detail,0022100424,172,1627736,Malik Beasley,1610612750,Minnesota Timberwolves,2,10,25,Made Shot,Driving Finger Roll Layup Shot,2PT Field Goal,In The Paint (Non-RA),Center(C),8-16 ft.,10,33,100,1,1,20211215,DEN,MIN
Shot Chart Detail,0022100424,454,1627736,Malik Beasley,1610612750,Minnesota Timberwolves,3,1,56,Made Shot,Running Dunk Shot,2PT Field Goal,Restricted Area,Center(C),Less Than 8 ft.,2,0,27,1,1,20211215,DEN,MIN
Shot Chart Detail,0022100436,135,1627736,Malik Beasley,1610612750,Minnesota Timberwolves,1,3,20,Made Shot,Cutting Dunk Shot,2PT Field Goal,Restricted Area,Center(C),Less Than 8 ft.,0,4,1,1,1,20211217,MIN,LAL
Shot Chart Detail,0022100436,367,1627736,Malik Beasley,1610612750,Minnesota Timberwolves,2,1,5,Made Shot,Jump Shot,3PT Field Goal,Above the Break 3,Center(C),24+ ft.,25,59,250,1,1,20211217,MIN,LAL
Shot Chart Detail,0022100436,416,1627736,Malik Beasley,1610612750,Minnesota Timberwolves,3,9,52,Made Shot,Running Dunk Shot,2PT Field Goal,Restricted Area,Center(C),Less Than 8 ft.,0,4,-3,1,1,20211217,MIN,LAL
Shot Chart Detail,0022100436,467,1627736,Malik Beasley,1610612750,Minnesota Timberwolves,3,6,31,Made Shot,Jump Shot,3PT Field Goal,Above the Break 3,Left Side Center(LC),24+ ft.,24,-222,107,1,1,20211217,MIN,LAL
Shot Chart Detail,0022100436,476,1627736,Malik Beasley,1610612750,Minnesota Timberwolves,3,5,28,Made Shot,Jump Shot,3PT Field Goal,Above the Break 3,Left Side Center(LC),24+ ft.,25,-178,188,1,1,20211217,MIN,LAL
Shot Chart Detail,0022100436,555,1627736,Malik Beasley,1610612750,Minnesota Timberwolves,3,0,4,Made Shot,Floating Jump shot,2PT Field Goal,Mid-Range,Left Side(L),8-16 ft.,13,-98,91,1,1,20211217,MIN,LAL
Shot Chart Detail,0022100436,678,1627736,Malik Beasley,1610612750,Minnesota Timberwolves,4,4,35,Made Shot,Driving Dunk Shot,2PT Field Goal,Restricted Area,Center(C),Less Than 8 ft.,0,-2,7,1,1,20211217,MIN,LAL
Shot Chart Detail,0022100455,50,1627736,Malik Beasley,1610612750,Minnesota Timberwolves,1,7,26,Made Shot,Jump Shot,3PT Field Goal,Above the Break 3,Right Side Center(RC),24+ ft.,25,112,229,1,1,20211219,MIN,DAL
Shot Chart Detail,0022100455,322,1627736,Malik Beasley,1610612750,Minnesota Timberwolves,2,1,25,Made Shot,Jump Shot,3PT Field Goal,Left Corner 3,Left Side(L),24+ ft.,22,-228,4,1,1,20211219,MIN,DAL
Shot Chart Detail,0022100455,376,1627736,Malik Beasley,1610612750,Minnesota Timberwolves,3,9,29,Made Shot,Jump Shot,3PT Field Goal,Right Corner 3,Right Side(R),24+ ft.,22,224,5,1,1,20211219,MIN,DAL
Shot Chart Detail,0022100455,556,1627736,Malik Beasley,1610612750,Minnesota Timberwolves,4,6,32,Made Shot,Jump Shot,3PT Field Goal,Above the Break 3,Left Side Center(LC),24+ ft.,25,-157,206,1,1,20211219,MIN,DAL
Shot Chart Detail,0022100468,49,1627736,Malik Beasley,1610612750,Minnesota Timberwolves,1,8,18,Made Shot,Jump Shot,3PT Field Goal,Above the Break 3,Right Side Center(RC),24+ ft.,25,145,215,1,1,20211221,DAL,MIN
Shot Chart Detail,0022100468,83,1627736,Malik Beasley,1610612750,Minnesota Timberwolves,1,5,29,Made Shot,Jump Shot,3PT Field Goal,Above the Break 3,Left Side Center(LC),24+ ft.,24,-225,88,1,1,20211221,DAL,MIN
Shot Chart Detail,0022100468,231,1627736,Malik Beasley,1610612750,Minnesota Timberwolves,2,8,18,Made Shot,Running Layup Shot,2PT Field Goal,Restricted Area,Center(C),Less Than 8 ft.,0,-2,1,1,1,20211221,DAL,MIN
Shot Chart Detail,0022100468,296,1627736,Malik Beasley,1610612750,Minnesota Timberwolves,2,3,41,Made Shot,Jump Shot,3PT Field Goal,Above the Break 3,Left Side Center(LC),24+ ft.,24,-143,197,1,1,20211221,DAL,MIN
Shot Chart Detail,0022100468,312,1627736,Malik Beasley,1610612750,Minnesota Timberwolves,2,2,20,Made Shot,Jump Shot,3PT Field Goal,Above the Break 3,Right Side Center(RC),24+ ft.,25,181,182,1,1,20211221,DAL,MIN
Shot Chart Detail,0022100468,346,1627736,Malik Beasley,1610612750,Minnesota Timberwolves,2,0,0,Made Shot,Driving Floating Jump Shot,2PT Field Goal,In The Paint (Non-RA),Center(C),8-16 ft.,13,58,122,1,1,20211221,DAL,MIN
Shot Chart Detail,0022100468,430,1627736,Malik Beasley,1610612750,Minnesota Timberwolves,3,4,42,Made Shot,Jump Shot,3PT Field Goal,Above the Break 3,Right Side Center(RC),24+ ft.,26,157,210,1,1,20211221,DAL,MIN
Shot Chart Detail,0022100468,440,1627736,Malik Beasley,1610612750,Minnesota Timberwolves,3,3,46,Made Shot,Jump Shot,3PT Field Goal,Right Corner 3,Right Side(R),24+ ft.,23,232,-15,1,1,20211221,DAL,MIN
Shot Chart Detail,0022100484,57,1627736,Malik Beasley,1610612750,Minnesota Timberwolves,1,8,1,Made Shot,Jump Shot,3PT Field Goal,Above the Break 3,Left Side Center(LC),24+ ft.,24,-156,193,1,1,20211223,UTA,MIN
Shot Chart Detail,0022100484,178,1627736,Malik Beasley,1610612750,Minnesota Timberwolves,1,0,8,Made Shot,Pullup Jump shot,3PT Field Goal,Right Corner 3,Right Side(R),24+ ft.,24,237,40,1,1,20211223,UTA,MIN
Shot Chart Detail,0022100484,201,1627736,Malik Beasley,1610612750,Minnesota Timberwolves,2,10,37,Made Shot,Pullup Jump shot,2PT Field Goal,Mid-Range,Right Side Center(RC),16-24 ft.,17,119,127,1,1,20211223,UTA,MIN
Shot Chart Detail,0022100484,219,1627736,Malik Beasley,1610612750,Minnesota Timberwolves,2,8,30,Made Shot,Jump Shot,3PT Field Goal,Above the Break 3,Right Side Center(RC),24+ ft.,26,207,163,1,1,20211223,UTA,MIN
Shot Chart Detail,0022100484,247,1627736,Malik Beasley,1610612750,Minnesota Timberwolves,2,7,11,Made Shot,Putback Layup Shot,2PT Field Goal,Restricted Area,Center(C),Less Than 8 ft.,1,2,15,1,1,20211223,UTA,MIN
Shot Chart Detail,0022100484,273,1627736,Malik Beasley,1610612750,Minnesota Timberwolves,2,5,24,Made Shot,Jump Shot,3PT Field Goal,Left Corner 3,Left Side(L),24+ ft.,23,-227,72,1,1,20211223,UTA,MIN
Shot Chart Detail,0022100484,421,1627736,Malik Beasley,1610612750,Minnesota Timberwolves,3,5,17,Made Shot,Jump Shot,3PT Field Goal,Above the Break 3,Center(C),24+ ft.,28,9,286,1,1,20211223,UTA,MIN
Shot Chart Detail,0022100484,461,1627736,Malik Beasley,1610612750,Minnesota Timberwolves,3,2,53,Made Shot,Driving Floating Jump Shot,2PT Field Goal,In The Paint (Non-RA),Center(C),8-16 ft.,10,0,100,1,1,20211223,UTA,MIN
Shot Chart Detail,0022100484,474,1627736,Malik Beasley,1610612750,Minnesota Timberwolves,3,0,48,Made Shot,Driving Floating Bank Jump Shot,2PT Field Goal,Mid-Range,Right Side(R),8-16 ft.,10,89,47,1,1,20211223,UTA,MIN
Shot Chart Detail,0022100484,525,1627736,Malik Beasley,1610612750,Minnesota Timberwolves,4,9,14,Made Shot,Running Dunk Shot,2PT Field Goal,Restricted Area,Center(C),Less Than 8 ft.,1,-16,5,1,1,20211223,UTA,MIN
Shot Chart Detail,0022100484,581,1627736,Malik Beasley,1610612750,Minnesota Timberwolves,4,5,30,Made Shot,Jump Shot,3PT Field Goal,Above the Break 3,Left Side Center(LC),24+ ft.,26,-161,214,1,1,20211223,UTA,MIN
Shot Chart Detail,0022100484,634,1627736,Malik Beasley,1610612750,Minnesota Timberwolves,4,1,44,Made Shot,Step Back Jump shot,2PT Field Goal,Mid-Range,Right Side Center(RC),16-24 ft.,23,143,183,1,1,20211223,UTA,MIN
Shot Chart Detail,0022100484,643,1627736,Malik Beasley,1610612750,Minnesota Timberwolves,4,0,45,Made Shot,Jump Shot,3PT Field Goal,Above the Break 3,Center(C),24+ ft.,25,74,246,1,1,20211223,UTA,MIN
Shot Chart Detail,0022100503,48,1627736,Malik Beasley,1610612750,Minnesota Timberwolves,1,8,20,Made Shot,Jump Shot,3PT Field Goal,Above the Break 3,Left Side Center(LC),24+ ft.,25,-141,211,1,1,20211227,MIN,BOS
Shot Chart Detail,0022100503,105,1627736,Malik Beasley,1610612750,Minnesota Timberwolves,1,4,58,Made Shot,Step Back Jump shot,3PT Field Goal,Above the Break 3,Right Side Center(RC),24+ ft.,24,225,95,1,1,20211227,MIN,BOS
Shot Chart Detail,0022100503,294,1627736,Malik Beasley,1610612750,Minnesota Timberwolves,2,4,22,Made Shot,Driving Floating Jump Shot,2PT Field Goal,Restricted Area,Center(C),Less Than 8 ft.,1,-11,2,1,1,20211227,MIN,BOS
Shot Chart Detail,0022100503,533,1627736,Malik Beasley,1610612750,Minnesota Timberwolves,4,8,33,Made Shot,Running Jump Shot,3PT Field Goal,Above the Break 3,Left Side Center(LC),24+ ft.,24,-196,146,1,1,20211227,MIN,BOS
Shot Chart Detail,0022100503,606,1627736,Malik Beasley,1610612750,Minnesota Timberwolves,4,3,6,Made Shot,Driving Floating Jump Shot,2PT Field Goal,In The Paint (Non-RA),Center(C),8-16 ft.,9,5,95,1,1,20211227,MIN,BOS
Shot Chart Detail,0022100503,626,1627736,Malik Beasley,1610612750,Minnesota Timberwolves,4,2,3,Made Shot,Jump Shot,2PT Field Goal,Restricted Area,Center(C),Less Than 8 ft.,1,6,10,1,1,20211227,MIN,BOS
Shot Chart Detail,0022100512,199,1627736,Malik Beasley,1610612750,Minnesota Timberwolves,2,7,21,Made Shot,Jump Shot,3PT Field Goal,Above the Break 3,Center(C),24+ ft.,25,-9,250,1,1,20211228,MIN,NYK
Shot Chart Detail,0022100512,242,1627736,Malik Beasley,1610612750,Minnesota Timberwolves,2,4,27,Made Shot,Running Dunk Shot,2PT Field Goal,Restricted Area,Center(C),Less Than 8 ft.,2,15,15,1,1,20211228,MIN,NYK
Shot Chart Detail,0022100512,253,1627736,Malik Beasley,1610612750,Minnesota Timberwolves,2,3,31,Made Shot,Step Back Jump shot,3PT Field Goal,Above the Break 3,Right Side Center(RC),24+ ft.,24,228,94,1,1,20211228,MIN,NYK
Shot Chart Detail,0022100512,264,1627736,Malik Beasley,1610612750,Minnesota Timberwolves,2,2,59,Made Shot,Jump Shot,3PT Field Goal,Above the Break 3,Center(C),24+ ft.,25,18,250,1,1,20211228,MIN,NYK
Shot Chart Detail,0022100512,424,1627736,Malik Beasley,1610612750,Minnesota Timberwolves,3,4,21,Made Shot,Jump Shot,3PT Field Goal,Left Corner 3,Left Side(L),24+ ft.,22,-228,26,1,1,20211228,MIN,NYK
Shot Chart Detail,0022100512,429,1627736,Malik Beasley,1610612750,Minnesota Timberwolves,3,3,54,Made Shot,Pullup Jump shot,2PT Field Goal,Mid-Range,Right Side Center(RC),16-24 ft.,18,112,147,1,1,20211228,MIN,NYK
Shot Chart Detail,0022100512,496,1627736,Malik Beasley,1610612750,Minnesota Timberwolves,4,11,14,Made Shot,Cutting Layup Shot,2PT Field Goal,Restricted Area,Center(C),Less Than 8 ft.,2,20,13,1,1,20211228,MIN,NYK
Shot Chart Detail,0022100512,606,1627736,Malik Beasley,1610612750,Minnesota Timberwolves,4,2,27,Made Shot,Driving Floating Jump Shot,2PT Field Goal,Restricted Area,Center(C),Less Than 8 ft.,3,7,36,1,1,20211228,MIN,NYK
Shot Chart Detail,0022100537,37,1627736,Malik Beasley,1610612750,Minnesota Timberwolves,1,9,8,Made Shot,Jump Shot,3PT Field Goal,Above the Break 3,Right Side Center(RC),24+ ft.,24,225,104,1,1,20211231,UTA,MIN
Shot Chart Detail,0022100537,79,1627736,Malik Beasley,1610612750,Minnesota Timberwolves,1,6,46,Made Shot,Jump Shot,3PT Field Goal,Above the Break 3,Right Side Center(RC),24+ ft.,25,178,184,1,1,20211231,UTA,MIN
Shot Chart Detail,0022100537,103,1627736,Malik Beasley,1610612750,Minnesota Timberwolves,1,4,46,Made Shot,Driving Floating Bank Jump Shot,2PT Field Goal,In The Paint (Non-RA),Right Side(R),8-16 ft.,9,74,52,1,1,20211231,UTA,MIN
Shot Chart Detail,0022100537,257,1627736,Malik Beasley,1610612750,Minnesota Timberwolves,2,5,47,Made Shot,Running Jump Shot,3PT Field Goal,Right Corner 3,Right Side(R),24+ ft.,23,237,22,1,1,20211231,UTA,MIN
Shot Chart Detail,0022100537,335,1627736,Malik Beasley,1610612750,Minnesota Timberwolves,2,1,17,Made Shot,Jump Shot,3PT Field Goal,Left Corner 3,Left Side(L),24+ ft.,23,-228,71,1,1,20211231,UTA,MIN
Shot Chart Detail,0022100537,345,1627736,Malik Beasley,1610612750,Minnesota Timberwolves,2,0,32,Made Shot,Jump Shot,2PT Field Goal,Mid-Range,Right Side(R),16-24 ft.,20,201,32,1,1,20211231,UTA,MIN
Shot Chart Detail,0022100537,368,1627736,Malik Beasley,1610612750,Minnesota Timberwolves,3,11,49,Made Shot,Jump Shot,3PT Field Goal,Right Corner 3,Right Side(R),24+ ft.,23,230,29,1,1,20211231,UTA,MIN
Shot Chart Detail,0022100537,460,1627736,Malik Beasley,1610612750,Minnesota Timberwolves,3,3,44,Made Shot,Jump Shot,3PT Field Goal,Left Corner 3,Left Side(L),24+ ft.,23,-235,46,1,1,20211231,UTA,MIN
Shot Chart Detail,0022100551,63,1627736,Malik Beasley,1610612750,Minnesota Timberwolves,1,6,19,Made Shot,Running Layup Shot,2PT Field Goal,Restricted Area,Center(C),Less Than 8 ft.,0,6,6,1,1,20220102,LAL,MIN
Shot Chart Detail,0022100551,339,1627736,Malik Beasley,1610612750,Minnesota Timberwolves,3,11,47,Made Shot,Jump Shot,3PT Field Goal,Above the Break 3,Left Side Center(LC),24+ ft.,24,-92,231,1,1,20220102,LAL,MIN
Shot Chart Detail,0022100551,366,1627736,Malik Beasley,1610612750,Minnesota Timberwolves,3,9,7,Made Shot,Jump Shot,3PT Field Goal,Above the Break 3,Center(C),24+ ft.,25,-17,255,1,1,20220102,LAL,MIN
Shot Chart Detail,0022100551,389,1627736,Malik Beasley,1610612750,Minnesota Timberwolves,3,6,37,Made Shot,Jump Shot,3PT Field Goal,Above the Break 3,Center(C),24+ ft.,25,-9,253,1,1,20220102,LAL,MIN
Shot Chart Detail,0022100551,512,1627736,Malik Beasley,1610612750,Minnesota Timberwolves,4,10,27,Made Shot,Pullup Jump shot,2PT Field Goal,Mid-Range,Left Side Center(LC),16-24 ft.,16,-81,142,1,1,20220102,LAL,MIN
Shot Chart Detail,0022100551,603,1627736,Malik Beasley,1610612750,Minnesota Timberwolves,4,3,35,Made Shot,Jump Shot,3PT Field Goal,Above the Break 3,Left Side Center(LC),24+ ft.,25,-190,164,1,1,20220102,LAL,MIN
Shot Chart Detail,0022100561,67,1627736,Malik Beasley,1610612750,Minnesota Timberwolves,1,5,1,Made Shot,Jump Shot,3PT Field Goal,Above the Break 3,Right Side Center(RC),24+ ft.,28,107,259,1,1,20220103,LAC,MIN
Shot Chart Detail,0022100561,72,1627736,Malik Beasley,1610612750,Minnesota Timberwolves,1,4,39,Made Shot,Driving Floating Bank Jump Shot,2PT Field Goal,In The Paint (Non-RA),Center(C),Less Than 8 ft.,4,47,10,1,1,20220103,LAC,MIN
Shot Chart Detail,0022100561,296,1627736,Malik Beasley,1610612750,Minnesota Timberwolves,3,10,56,Made Shot,Jump Shot,3PT Field Goal,Above the Break 3,Left Side Center(LC),24+ ft.,25,-119,229,1,1,20220103,LAC,MIN
Shot Chart Detail,0022100561,335,1627736,Malik Beasley,1610612750,Minnesota Timberwolves,3,7,15,Made Shot,Jump Shot,3PT Field Goal,Above the Break 3,Right Side Center(RC),24+ ft.,27,173,209,1,1,20220103,LAC,MIN
Shot Chart Detail,0022100587,500,1627736,Malik Beasley,1610612750,Minnesota Timberwolves,3,3,55,Made Shot,Running Layup Shot,2PT Field Goal,In The Paint (Non-RA),Center(C),Less Than 8 ft.,6,42,45,1,1,20220107,OKC,MIN
Shot Chart Detail,0022100587,656,1627736,Malik Beasley,1610612750,Minnesota Timberwolves,4,5,29,Made Shot,Jump Shot,3PT Field Goal,Above the Break 3,Center(C),24+ ft.,27,69,266,1,1,20220107,OKC,MIN
Shot Chart Detail,0022100600,144,1627736,Malik Beasley,1610612750,Minnesota Timberwolves,1,1,12,Made Shot,Jump Shot,3PT Field Goal,Above the Break 3,Right Side Center(RC),24+ ft.,26,146,216,1,1,20220109,HOU,MIN
Shot Chart Detail,0022100600,503,1627736,Malik Beasley,1610612750,Minnesota Timberwolves,3,1,31,Made Shot,Step Back Jump shot,3PT Field Goal,Above the Break 3,Left Side Center(LC),24+ ft.,25,-184,183,1,1,20220109,HOU,MIN
Shot Chart Detail,0022100600,547,1627736,Malik Beasley,1610612750,Minnesota Timberwolves,4,10,39,Made Shot,Jump Shot,3PT Field Goal,Left Corner 3,Left Side(L),24+ ft.,23,-234,34,1,1,20220109,HOU,MIN
Shot Chart Detail,0022100600,563,1627736,Malik Beasley,1610612750,Minnesota Timberwolves,4,9,49,Made Shot,Running Dunk Shot,2PT Field Goal,Restricted Area,Center(C),Less Than 8 ft.,1,-10,12,1,1,20220109,HOU,MIN
Shot Chart Detail,0022100615,145,1627736,Malik Beasley,1610612750,Minnesota Timberwolves,1,2,52,Made Shot,Step Back Jump shot,3PT Field Goal,Above the Break 3,Center(C),24+ ft.,25,-18,250,1,1,20220111,NOP,MIN
Shot Chart Detail,0022100615,264,1627736,Malik Beasley,1610612750,Minnesota Timberwolves,2,7,2,Made Shot,Jump Shot,3PT Field Goal,Above the Break 3,Left Side Center(LC),24+ ft.,25,-109,225,1,1,20220111,NOP,MIN
Shot Chart Detail,0022100615,297,1627736,Malik Beasley,1610612750,Minnesota Timberwolves,2,4,19,Made Shot,Jump Shot,3PT Field Goal,Left Corner 3,Left Side(L),24+ ft.,22,-224,42,1,1,20220111,NOP,MIN
Shot Chart Detail,0022100615,466,1627736,Malik Beasley,1610612750,Minnesota Timberwolves,3,4,26,Made Shot,Jump Shot,3PT Field Goal,Above the Break 3,Left Side Center(LC),24+ ft.,25,-218,123,1,1,20220111,NOP,MIN
Shot Chart Detail,0022100615,577,1627736,Malik Beasley,1610612750,Minnesota Timberwolves,4,10,4,Made Shot,Jump Shot,3PT Field Goal,Above the Break 3,Center(C),24+ ft.,25,28,252,1,1,20220111,NOP,MIN
Shot Chart Detail,0022100615,706,1627736,Malik Beasley,1610612750,Minnesota Timberwolves,4,0,12,Made Shot,Jump Shot,3PT Field Goal,Above the Break 3,Right Side Center(RC),24+ ft.,25,207,143,1,1,20220111,NOP,MIN
Shot Chart Detail,0022100628,301,1627736,Malik Beasley,1610612750,Minnesota Timberwolves,2,5,49,Made Shot,Jump Shot,3PT Field Goal,Left Corner 3,Left Side(L),24+ ft.,23,-237,33,1,1,20220113,MEM,MIN
Shot Chart Detail,0022100652,432,1627736,Malik Beasley,1610612750,Minnesota Timberwolves,3,4,51,Made Shot,Pullup Jump shot,3PT Field Goal,Above the Break 3,Left Side Center(LC),24+ ft.,25,-145,212,1,1,20220116,MIN,GSW
Shot Chart Detail,0022100652,448,1627736,Malik Beasley,1610612750,Minnesota Timberwolves,3,3,20,Made Shot,Jump Shot,3PT Field Goal,Left Corner 3,Left Side(L),24+ ft.,22,-229,15,1,1,20220116,MIN,GSW
Shot Chart Detail,0022100652,479,1627736,Malik Beasley,1610612750,Minnesota Timberwolves,3,1,47,Made Shot,Jump Shot,3PT Field Goal,Above the Break 3,Left Side Center(LC),24+ ft.,25,-142,216,1,1,20220116,MIN,GSW
Shot Chart Detail,0022100652,515,1627736,Malik Beasley,1610612750,Minnesota Timberwolves,4,11,6,Made Shot,Jump Shot,3PT Field Goal,Above the Break 3,Center(C),24+ ft.,24,-54,242,1,1,20220116,MIN,GSW
Shot Chart Detail,0022100652,526,1627736,Malik Beasley,1610612750,Minnesota Timberwolves,4,10,12,Made Shot,Running Jump Shot,3PT Field Goal,Above the Break 3,Right Side Center(RC),24+ ft.,23,221,92,1,1,20220116,MIN,GSW
Shot Chart Detail,0022100666,144,1627736,Malik Beasley,1610612750,Minnesota Timberwolves,1,1,0,Made Shot,Running Finger Roll Layup Shot,2PT Field Goal,Restricted Area,Center(C),Less Than 8 ft.,2,16,14,1,1,20220118,NYK,MIN
Shot Chart Detail,0022100666,309,1627736,Malik Beasley,1610612750,Minnesota Timberwolves,2,2,13,Made Shot,Jump Shot,2PT Field Goal,Mid-Range,Right Side(R),8-16 ft.,10,105,-5,1,1,20220118,NYK,MIN
Shot Chart Detail,0022100666,313,1627736,Malik Beasley,1610612750,Minnesota Timberwolves,2,1,32,Made Shot,Jump Shot,3PT Field Goal,Right Corner 3,Right Side(R),24+ ft.,22,225,40,1,1,20220118,NYK,MIN
Shot Chart Detail,0022100666,330,1627736,Malik Beasley,1610612750,Minnesota Timberwolves,2,0,30,Made Shot,Jump Shot,3PT Field Goal,Above the Break 3,Left Side Center(LC),24+ ft.,25,-170,187,1,1,20220118,NYK,MIN
Shot Chart Detail,0022100670,285,1627736,Malik Beasley,1610612750,Minnesota Timberwolves,2,2,33,Made Shot,Floating Jump shot,2PT Field Goal,In The Paint (Non-RA),Center(C),Less Than 8 ft.,5,-28,48,1,1,20220119,ATL,MIN
Shot Chart Detail,0022100670,441,1627736,Malik Beasley,1610612750,Minnesota Timberwolves,3,4,14,Made Shot,Jump Shot,3PT Field Goal,Right Corner 3,Right Side(R),24+ ft.,23,228,38,1,1,20220119,ATL,MIN
Shot Chart Detail,0022100670,458,1627736,Malik Beasley,1610612750,Minnesota Timberwolves,3,2,30,Made Shot,Jump Shot,3PT Field Goal,Above the Break 3,Left Side Center(LC),24+ ft.,27,-118,243,1,1,20220119,ATL,MIN
Shot Chart Detail,0022100670,467,1627736,Malik Beasley,1610612750,Minnesota Timberwolves,3,1,59,Made Shot,Jump Shot,2PT Field Goal,Mid-Range,Right Side(R),8-16 ft.,13,127,47,1,1,20220119,ATL,MIN
Shot Chart Detail,0022100670,532,1627736,Malik Beasley,1610612750,Minnesota Timberwolves,4,9,56,Made Shot,Running Pull-Up Jump Shot,3PT Field Goal,Above the Break 3,Right Side Center(RC),24+ ft.,26,103,244,1,1,20220119,ATL,MIN
Shot Chart Detail,0022100670,587,1627736,Malik Beasley,1610612750,Minnesota Timberwolves,4,5,59,Made Shot,Jump Shot,3PT Field Goal,Left Corner 3,Left Side(L),24+ ft.,23,-234,-17,1,1,20220119,ATL,MIN
Shot Chart Detail,0022100706,540,1627736,Malik Beasley,1610612750,Minnesota Timberwolves,4,9,59,Made Shot,Jump Shot,2PT Field Goal,Mid-Range,Right Side(R),8-16 ft.,12,125,-13,1,1,20220123,MIN,BKN
Shot Chart Detail,0022100721,187,1627736,Malik Beasley,1610612750,Minnesota Timberwolves,2,10,24,Made Shot,Jump Shot,3PT Field Goal,Above the Break 3,Right Side Center(RC),24+ ft.,27,140,239,1,1,20220125,POR,MIN
Shot Chart Detail,0022100734,154,1627736,Malik Beasley,1610612750,Minnesota Timberwolves,1,1,1,Made Shot,Driving Reverse Layup Shot,2PT Field Goal,Restricted Area,Center(C),Less Than 8 ft.,0,1,9,1,1,20220127,GSW,MIN
Shot Chart Detail,0022100734,581,1627736,Malik Beasley,1610612750,Minnesota Timberwolves,4,7,28,Made Shot,Running Layup Shot,2PT Field Goal,Restricted Area,Center(C),Less Than 8 ft.,1,-2,10,1,1,20220127,GSW,MIN
Shot Chart Detail,0022100743,113,1627736,Malik Beasley,1610612750,Minnesota Timberwolves,1,3,18,Made Shot,Running Pull-Up Jump Shot,3PT Field Goal,Above the Break 3,Right Side Center(RC),24+ ft.,26,142,222,1,1,20220128,PHX,MIN
Shot Chart Detail,0022100743,161,1627736,Malik Beasley,1610612750,Minnesota Timberwolves,1,0,50,Made Shot,Jump Shot,2PT Field Goal,Mid-Range,Center(C),8-16 ft.,13,-16,139,1,1,20220128,PHX,MIN
Shot Chart Detail,0022100743,323,1627736,Malik Beasley,1610612750,Minnesota Timberwolves,2,2,41,Made Shot,Step Back Jump shot,3PT Field Goal,Above the Break 3,Center(C),24+ ft.,26,7,260,1,1,20220128,PHX,MIN
Shot Chart Detail,0022100743,564,1627736,Malik Beasley,1610612750,Minnesota Timberwolves,4,9,21,Made Shot,Pullup Jump shot,2PT Field Goal,Mid-Range,Right Side(R),16-24 ft.,16,167,-1,1,1,20220128,PHX,MIN
Shot Chart Detail,0022100743,569,1627736,Malik Beasley,1610612750,Minnesota Timberwolves,4,8,58,Made Shot,Pullup Jump shot,3PT Field Goal,Above the Break 3,Center(C),24+ ft.,25,2,256,1,1,20220128,PHX,MIN
Shot Chart Detail,0022100743,590,1627736,Malik Beasley,1610612750,Minnesota Timberwolves,4,7,26,Made Shot,Cutting Layup Shot,2PT Field Goal,In The Paint (Non-RA),Center(C),Less Than 8 ft.,5,49,33,1,1,20220128,PHX,MIN
Shot Chart Detail,0022100743,643,1627736,Malik Beasley,1610612750,Minnesota Timberwolves,4,3,31,Made Shot,Running Pull-Up Jump Shot,3PT Field Goal,Above the Break 3,Center(C),24+ ft.,25,5,259,1,1,20220128,PHX,MIN
Shot Chart Detail,0022100743,654,1627736,Malik Beasley,1610612750,Minnesota Timberwolves,4,2,47,Made Shot,Cutting Layup Shot,2PT Field Goal,In The Paint (Non-RA),Center(C),Less Than 8 ft.,4,-31,34,1,1,20220128,PHX,MIN
Shot Chart Detail,0022100743,658,1627736,Malik Beasley,1610612750,Minnesota Timberwolves,4,2,14,Made Shot,Running Layup Shot,2PT Field Goal,In The Paint (Non-RA),Center(C),Less Than 8 ft.,4,40,29,1,1,20220128,PHX,MIN
Shot Chart Detail,0022100757,42,1627736,Malik Beasley,1610612750,Minnesota Timberwolves,1,7,47,Made Shot,Jump Shot,3PT Field Goal,Above the Break 3,Left Side Center(LC),24+ ft.,24,-196,146,1,1,20220130,MIN,UTA
Shot Chart Detail,0022100757,375,1627736,Malik Beasley,1610612750,Minnesota Timberwolves,3,8,20,Made Shot,Floating Jump shot,2PT Field Goal,In The Paint (Non-RA),Center(C),Less Than 8 ft.,6,-10,67,1,1,20220130,MIN,UTA
Shot Chart Detail,0022100757,384,1627736,Malik Beasley,1610612750,Minnesota Timberwolves,3,7,12,Made Shot,Running Dunk Shot,2PT Field Goal,Restricted Area,Center(C),Less Than 8 ft.,0,-1,3,1,1,20220130,MIN,UTA
Shot Chart Detail,0022100770,160,1627736,Malik Beasley,1610612750,Minnesota Timberwolves,1,0,18,Made Shot,Jump Shot,3PT Field Goal,Above the Break 3,Right Side Center(RC),24+ ft.,24,195,148,1,1,20220201,MIN,DEN
Shot Chart Detail,0022100770,540,1627736,Malik Beasley,1610612750,Minnesota Timberwolves,4,9,10,Made Shot,Step Back Jump shot,3PT Field Goal,Above the Break 3,Left Side Center(LC),24+ ft.,25,-146,211,1,1,20220201,MIN,DEN
Shot Chart Detail,0022100770,556,1627736,Malik Beasley,1610612750,Minnesota Timberwolves,4,7,54,Made Shot,Jump Shot,3PT Field Goal,Left Corner 3,Left Side(L),24+ ft.,23,-233,-14,1,1,20220201,MIN,DEN
Shot Chart Detail,0022100770,578,1627736,Malik Beasley,1610612750,Minnesota Timberwolves,4,6,33,Made Shot,Jump Shot,3PT Field Goal,Above the Break 3,Center(C),24+ ft.,25,39,247,1,1,20220201,MIN,DEN
Shot Chart Detail,0022100782,120,1627736,Malik Beasley,1610612750,Minnesota Timberwolves,1,2,43,Made Shot,Jump Shot,3PT Field Goal,Left Corner 3,Left Side(L),24+ ft.,23,-237,-1,1,1,20220203,DET,MIN
Shot Chart Detail,0022100782,172,1627736,Malik Beasley,1610612750,Minnesota Timberwolves,2,11,14,Made Shot,Jump Shot,2PT Field Goal,Mid-Range,Right Side(R),16-24 ft.,20,202,9,1,1,20220203,DET,MIN
Shot Chart Detail,0022100782,176,1627736,Malik Beasley,1610612750,Minnesota Timberwolves,2,11,0,Made Shot,Running Dunk Shot,2PT Field Goal,Restricted Area,Center(C),Less Than 8 ft.,1,-11,11,1,1,20220203,DET,MIN
Shot Chart Detail,0022100782,196,1627736,Malik Beasley,1610612750,Minnesota Timberwolves,2,8,55,Made Shot,Jump Shot,3PT Field Goal,Above the Break 3,Left Side Center(LC),24+ ft.,25,-113,229,1,1,20220203,DET,MIN
Shot Chart Detail,0022100782,485,1627736,Malik Beasley,1610612750,Minnesota Timberwolves,3,1,33,Made Shot,Jump Shot,3PT Field Goal,Left Corner 3,Left Side(L),24+ ft.,23,-235,8,1,1,20220203,DET,MIN
Shot Chart Detail,0022100782,530,1627736,Malik Beasley,1610612750,Minnesota Timberwolves,4,10,10,Made Shot,Jump Shot,3PT Field Goal,Above the Break 3,Right Side Center(RC),24+ ft.,27,184,199,1,1,20220203,DET,MIN
Shot Chart Detail,0022100803,121,1627736,Malik Beasley,1610612750,Minnesota Timberwolves,1,2,41,Made Shot,Jump Shot,3PT Field Goal,Above the Break 3,Left Side Center(LC),24+ ft.,23,-189,146,1,1,20220206,MIN,DET
Shot Chart Detail,0022100803,201,1627736,Malik Beasley,1610612750,Minnesota Timberwolves,2,10,10,Made Shot,Jump Shot,3PT Field Goal,Above the Break 3,Right Side Center(RC),24+ ft.,24,161,187,1,1,20220206,MIN,DET
Shot Chart Detail,0022100803,205,1627736,Malik Beasley,1610612750,Minnesota Timberwolves,2,9,48,Made Shot,Running Jump Shot,3PT Field Goal,Above the Break 3,Left Side Center(LC),24+ ft.,24,-168,173,1,1,20220206,MIN,DET
Shot Chart Detail,0022100803,217,1627736,Malik Beasley,1610612750,Minnesota Timberwolves,2,8,55,Made Shot,Jump Shot,3PT Field Goal,Above the Break 3,Right Side Center(RC),24+ ft.,24,114,219,1,1,20220206,MIN,DET
Shot Chart Detail,0022100803,489,1627736,Malik Beasley,1610612750,Minnesota Timberwolves,3,1,57,Made Shot,Jump Shot,3PT Field Goal,Above the Break 3,Center(C),24+ ft.,25,17,253,1,1,20220206,MIN,DET
Shot Chart Detail,0022100803,506,1627736,Malik Beasley,1610612750,Minnesota Timberwolves,3,0,28,Made Shot,Driving Finger Roll Layup Shot,2PT Field Goal,Restricted Area,Center(C),Less Than 8 ft.,0,0,6,1,1,20220206,MIN,DET
Shot Chart Detail,0022100803,543,1627736,Malik Beasley,1610612750,Minnesota Timberwolves,4,9,49,Made Shot,Cutting Dunk Shot,2PT Field Goal,Restricted Area,Center(C),Less Than 8 ft.,0,-2,1,1,1,20220206,MIN,DET
Shot Chart Detail,0022100824,128,1627736,Malik Beasley,1610612750,Minnesota Timberwolves,1,3,2,Made Shot,Jump Shot,3PT Field Goal,Above the Break 3,Left Side Center(LC),24+ ft.,25,-223,123,1,1,20220208,SAC,MIN
Shot Chart Detail,0022100824,132,1627736,Malik Beasley,1610612750,Minnesota Timberwolves,1,2,42,Made Shot,Running Jump Shot,3PT Field Goal,Left Corner 3,Left Side(L),24+ ft.,23,-234,36,1,1,20220208,SAC,MIN
Shot Chart Detail,0022100824,284,1627736,Malik Beasley,1610612750,Minnesota Timberwolves,2,4,33,Made Shot,Jump Shot,3PT Field Goal,Above the Break 3,Left Side Center(LC),24+ ft.,25,-162,200,1,1,20220208,SAC,MIN
Shot Chart Detail,0022100824,467,1627736,Malik Beasley,1610612750,Minnesota Timberwolves,3,3,48,Made Shot,Jump Shot,3PT Field Goal,Left Corner 3,Left Side(L),24+ ft.,23,-232,5,1,1,20220208,SAC,MIN
Shot Chart Detail,0022100824,475,1627736,Malik Beasley,1610612750,Minnesota Timberwolves,3,3,23,Made Shot,Jump Shot,3PT Field Goal,Right Corner 3,Right Side(R),24+ ft.,24,238,31,1,1,20220208,SAC,MIN
Shot Chart Detail,0022100824,482,1627736,Malik Beasley,1610612750,Minnesota Timberwolves,3,2,39,Made Shot,Jump Shot,3PT Field Goal,Above the Break 3,Right Side Center(RC),24+ ft.,25,185,179,1,1,20220208,SAC,MIN
Shot Chart Detail,0022100824,553,1627736,Malik Beasley,1610612750,Minnesota Timberwolves,4,9,52,Made Shot,Running Jump Shot,3PT Field Goal,Right Corner 3,Right Side(R),24+ ft.,23,232,13,1,1,20220208,SAC,MIN
Shot Chart Detail,0022100830,199,1627736,Malik Beasley,1610612750,Minnesota Timberwolves,2,11,35,Made Shot,Jump Shot,3PT Field Goal,Above the Break 3,Left Side Center(LC),24+ ft.,24,-224,100,1,1,20220209,SAC,MIN
Shot Chart Detail,0022100830,477,1627736,Malik Beasley,1610612750,Minnesota Timberwolves,3,2,13,Made Shot,Floating Jump shot,2PT Field Goal,In The Paint (Non-RA),Center(C),Less Than 8 ft.,6,9,62,1,1,20220209,SAC,MIN
Shot Chart Detail,0022100843,295,1627736,Malik Beasley,1610612750,Minnesota Timberwolves,2,0,49,Made Shot,Cutting Finger Roll Layup Shot,2PT Field Goal,Restricted Area,Center(C),Less Than 8 ft.,2,6,28,1,1,20220211,CHI,MIN
Shot Chart Detail,0022100843,404,1627736,Malik Beasley,1610612750,Minnesota Timberwolves,3,5,7,Made Shot,Jump Bank Shot,2PT Field Goal,Mid-Range,Right Side(R),8-16 ft.,14,132,55,1,1,20220211,CHI,MIN
Shot Chart Detail,0022100843,421,1627736,Malik Beasley,1610612750,Minnesota Timberwolves,3,3,37,Made Shot,Jump Shot,3PT Field Goal,Above the Break 3,Left Side Center(LC),24+ ft.,25,-185,171,1,1,20220211,CHI,MIN
Shot Chart Detail,0022100843,496,1627736,Malik Beasley,1610612750,Minnesota Timberwolves,4,10,38,Made Shot,Jump Shot,3PT Field Goal,Above the Break 3,Left Side Center(LC),24+ ft.,25,-168,189,1,1,20220211,CHI,MIN
Shot Chart Detail,0022100857,137,1627736,Malik Beasley,1610612750,Minnesota Timberwolves,1,2,37,Made Shot,Running Pull-Up Jump Shot,3PT Field Goal,Above the Break 3,Center(C),24+ ft.,25,29,258,1,1,20220213,IND,MIN
Shot Chart Detail,0022100857,218,1627736,Malik Beasley,1610612750,Minnesota Timberwolves,2,9,17,Made Shot,Jump Shot,3PT Field Goal,Above the Break 3,Center(C),24+ ft.,25,78,246,1,1,20220213,IND,MIN
Shot Chart Detail,0022100857,517,1627736,Malik Beasley,1610612750,Minnesota Timberwolves,3,0,43,Made Shot,Jump Shot,3PT Field Goal,Above the Break 3,Left Side Center(LC),24+ ft.,25,-225,117,1,1,20220213,IND,MIN
Shot Chart Detail,0022100880,87,1627736,Malik Beasley,1610612750,Minnesota Timberwolves,1,4,36,Made Shot,Jump Shot,3PT Field Goal,Left Corner 3,Left Side(L),24+ ft.,22,-224,-7,1,1,20220216,MIN,TOR
Shot Chart Detail,0022100880,201,1627736,Malik Beasley,1610612750,Minnesota Timberwolves,2,9,17,Made Shot,Jump Shot,3PT Field Goal,Right Corner 3,Right Side(R),24+ ft.,22,229,16,1,1,20220216,MIN,TOR
Shot Chart Detail,0022100892,518,1627736,Malik Beasley,1610612750,Minnesota Timberwolves,3,3,16,Made Shot,Jump Shot,3PT Field Goal,Right Corner 3,Right Side(R),24+ ft.,22,225,45,1,1,20220224,MIN,MEM
Shot Chart Detail,0022100892,527,1627736,Malik Beasley,1610612750,Minnesota Timberwolves,3,2,32,Made Shot,Cutting Layup Shot,2PT Field Goal,Restricted Area,Center(C),Less Than 8 ft.,0,4,3,1,1,20220224,MIN,MEM
Shot Chart Detail,0022100892,545,1627736,Malik Beasley,1610612750,Minnesota Timberwolves,3,1,17,Made Shot,Jump Shot,3PT Field Goal,Above the Break 3,Right Side Center(RC),24+ ft.,25,178,177,1,1,20220224,MIN,MEM
Shot Chart Detail,0022100892,549,1627736,Malik Beasley,1610612750,Minnesota Timberwolves,3,0,42,Made Shot,Step Back Jump shot,3PT Field Goal,Left Corner 3,Left Side(L),24+ ft.,22,-228,0,1,1,20220224,MIN,MEM
Shot Chart Detail,0022100892,609,1627736,Malik Beasley,1610612750,Minnesota Timberwolves,4,9,23,Made Shot,Jump Shot,3PT Field Goal,Above the Break 3,Left Side Center(LC),24+ ft.,24,-181,164,1,1,20220224,MIN,MEM
Shot Chart Detail,0022100892,660,1627736,Malik Beasley,1610612750,Minnesota Timberwolves,4,5,43,Made Shot,Jump Shot,3PT Field Goal,Above the Break 3,Right Side Center(RC),24+ ft.,24,151,199,1,1,20220224,MIN,MEM
Shot Chart Detail,0022100920,133,1627736,Malik Beasley,1610612750,Minnesota Timberwolves,1,2,13,Made Shot,Jump Shot,3PT Field Goal,Above the Break 3,Left Side Center(LC),24+ ft.,24,-208,134,1,1,20220228,CLE,MIN
Shot Chart Detail,0022100920,174,1627736,Malik Beasley,1610612750,Minnesota Timberwolves,2,10,30,Made Shot,Jump Shot,3PT Field Goal,Above the Break 3,Right Side Center(RC),24+ ft.,26,205,169,1,1,20220228,CLE,MIN
Shot Chart Detail,0022100920,469,1627736,Malik Beasley,1610612750,Minnesota Timberwolves,3,1,21,Made Shot,Jump Shot,3PT Field Goal,Above the Break 3,Center(C),24+ ft.,26,77,254,1,1,20220228,CLE,MIN
Shot Chart Detail,0022100930,217,1627736,Malik Beasley,1610612750,Minnesota Timberwolves,2,10,22,Made Shot,Jump Shot,3PT Field Goal,Above the Break 3,Left Side Center(LC),24+ ft.,24,-191,150,1,1,20220301,MIN,GSW
Shot Chart Detail,0022100930,447,1627736,Malik Beasley,1610612750,Minnesota Timberwolves,3,6,28,Made Shot,Jump Shot,3PT Field Goal,Left Corner 3,Left Side(L),24+ ft.,23,-235,32,1,1,20220301,MIN,GSW
Shot Chart Detail,0022100930,487,1627736,Malik Beasley,1610612750,Minnesota Timberwolves,3,2,57,Made Shot,Jump Shot,3PT Field Goal,Above the Break 3,Left Side Center(LC),24+ ft.,26,-154,210,1,1,20220301,MIN,GSW
Shot Chart Detail,0022100930,508,1627736,Malik Beasley,1610612750,Minnesota Timberwolves,3,1,2,Made Shot,Pullup Jump shot,2PT Field Goal,Mid-Range,Right Side(R),8-16 ft.,13,132,13,1,1,20220301,MIN,GSW
Shot Chart Detail,0022100930,602,1627736,Malik Beasley,1610612750,Minnesota Timberwolves,4,5,59,Made Shot,Jump Shot,3PT Field Goal,Above the Break 3,Left Side Center(LC),24+ ft.,25,-138,210,1,1,20220301,MIN,GSW
Shot Chart Detail,0022100930,634,1627736,Malik Beasley,1610612750,Minnesota Timberwolves,4,4,3,Made Shot,Jump Shot,3PT Field Goal,Above the Break 3,Left Side Center(LC),24+ ft.,25,-205,149,1,1,20220301,MIN,GSW
Shot Chart Detail,0022100930,684,1627736,Malik Beasley,1610612750,Minnesota Timberwolves,4,0,30,Made Shot,Jump Shot,3PT Field Goal,Right Corner 3,Right Side(R),24+ ft.,22,225,-15,1,1,20220301,MIN,GSW
Shot Chart Detail,0022100951,119,1627736,Malik Beasley,1610612750,Minnesota Timberwolves,1,3,43,Made Shot,Jump Shot,3PT Field Goal,Above the Break 3,Left Side Center(LC),24+ ft.,24,-188,158,1,1,20220304,OKC,MIN
Shot Chart Detail,0022100951,180,1627736,Malik Beasley,1610612750,Minnesota Timberwolves,2,11,34,Made Shot,Jump Shot,3PT Field Goal,Above the Break 3,Right Side Center(RC),24+ ft.,27,154,230,1,1,20220304,OKC,MIN
Shot Chart Detail,0022100951,422,1627736,Malik Beasley,1610612750,Minnesota Timberwolves,3,5,57,Made Shot,Jump Shot,3PT Field Goal,Above the Break 3,Center(C),24+ ft.,27,9,271,1,1,20220304,OKC,MIN
Shot Chart Detail,0022100951,540,1627736,Malik Beasley,1610612750,Minnesota Timberwolves,4,9,33,Made Shot,Jump Shot,3PT Field Goal,Right Corner 3,Right Side(R),24+ ft.,24,241,29,1,1,20220304,OKC,MIN
Shot Chart Detail,0022100951,602,1627736,Malik Beasley,1610612750,Minnesota Timberwolves,4,5,14,Made Shot,Jump Shot,3PT Field Goal,Above the Break 3,Left Side Center(LC),24+ ft.,24,-218,113,1,1,20220304,OKC,MIN
Shot Chart Detail,0022100958,34,1627736,Malik Beasley,1610612750,Minnesota Timberwolves,1,9,24,Made Shot,Jump Shot,3PT Field Goal,Right Corner 3,Right Side(R),24+ ft.,22,229,9,1,1,20220305,MIN,POR
Shot Chart Detail,0022100958,49,1627736,Malik Beasley,1610612750,Minnesota Timberwolves,1,7,40,Made Shot,Jump Shot,3PT Field Goal,Above the Break 3,Right Side Center(RC),24+ ft.,24,211,131,1,1,20220305,MIN,POR
Shot Chart Detail,0022100958,81,1627736,Malik Beasley,1610612750,Minnesota Timberwolves,1,5,0,Made Shot,Jump Shot,3PT Field Goal,Left Corner 3,Left Side(L),24+ ft.,22,-224,51,1,1,20220305,MIN,POR
Shot Chart Detail,0022100958,214,1627736,Malik Beasley,1610612750,Minnesota Timberwolves,2,7,47,Made Shot,Driving Dunk Shot,2PT Field Goal,Restricted Area,Center(C),Less Than 8 ft.,1,-1,14,1,1,20220305,MIN,POR
Shot Chart Detail,0022100958,354,1627736,Malik Beasley,1610612750,Minnesota Timberwolves,3,9,25,Made Shot,Jump Shot,3PT Field Goal,Right Corner 3,Right Side(R),24+ ft.,22,228,2,1,1,20220305,MIN,POR
Shot Chart Detail,0022100971,171,1627736,Malik Beasley,1610612750,Minnesota Timberwolves,1,1,0,Made Shot,Running Dunk Shot,2PT Field Goal,Restricted Area,Center(C),Less Than 8 ft.,0,2,4,1,1,20220307,MIN,POR
Shot Chart Detail,0022100971,314,1627736,Malik Beasley,1610612750,Minnesota Timberwolves,2,4,49,Made Shot,Jump Shot,3PT Field Goal,Left Corner 3,Left Side(L),24+ ft.,22,-225,25,1,1,20220307,MIN,POR
Shot Chart Detail,0022100971,443,1627736,Malik Beasley,1610612750,Minnesota Timberwolves,3,9,22,Made Shot,Jump Shot,3PT Field Goal,Above the Break 3,Left Side Center(LC),24+ ft.,25,-218,123,1,1,20220307,MIN,POR
Shot Chart Detail,0022100971,522,1627736,Malik Beasley,1610612750,Minnesota Timberwolves,3,3,46,Made Shot,Jump Shot,3PT Field Goal,Above the Break 3,Center(C),24+ ft.,25,-44,252,1,1,20220307,MIN,POR
Shot Chart Detail,0022100971,537,1627736,Malik Beasley,1610612750,Minnesota Timberwolves,3,3,2,Made Shot,Pullup Jump shot,3PT Field Goal,Left Corner 3,Left Side(L),24+ ft.,24,-233,85,1,1,20220307,MIN,POR
Shot Chart Detail,0022100971,577,1627736,Malik Beasley,1610612750,Minnesota Timberwolves,3,0,2,Made Shot,Jump Shot,3PT Field Goal,Left Corner 3,Left Side(L),24+ ft.,23,-232,12,1,1,20220307,MIN,POR
Shot Chart Detail,0022100986,11,1627736,Malik Beasley,1610612750,Minnesota Timberwolves,1,11,12,Made Shot,Step Back Jump shot,3PT Field Goal,Right Corner 3,Right Side(R),24+ ft.,24,232,75,1,1,20220309,MIN,OKC
Shot Chart Detail,0022100986,68,1627736,Malik Beasley,1610612750,Minnesota Timberwolves,1,5,12,Made Shot,Step Back Jump shot,3PT Field Goal,Above the Break 3,Center(C),24+ ft.,24,38,243,1,1,20220309,MIN,OKC
Shot Chart Detail,0022100986,77,1627736,Malik Beasley,1610612750,Minnesota Timberwolves,1,4,14,Made Shot,Jump Shot,3PT Field Goal,Above the Break 3,Center(C),24+ ft.,24,56,242,1,1,20220309,MIN,OKC
Shot Chart Detail,0022100986,124,1627736,Malik Beasley,1610612750,Minnesota Timberwolves,1,1,34,Made Shot,Running Jump Shot,3PT Field Goal,Left Corner 3,Left Side(L),24+ ft.,22,-225,9,1,1,20220309,MIN,OKC
Shot Chart Detail,0022100986,128,1627736,Malik Beasley,1610612750,Minnesota Timberwolves,1,0,54,Made Shot,Step Back Jump shot,3PT Field Goal,Above the Break 3,Center(C),24+ ft.,24,-65,237,1,1,20220309,MIN,OKC
Shot Chart Detail,0022100986,131,1627736,Malik Beasley,1610612750,Minnesota Timberwolves,1,0,16,Made Shot,Step Back Jump shot,3PT Field Goal,Left Corner 3,Left Side(L),24+ ft.,23,-232,61,1,1,20220309,MIN,OKC
Shot Chart Detail,0022100986,287,1627736,Malik Beasley,1610612750,Minnesota Timberwolves,2,3,21,Made Shot,Jump Shot,3PT Field Goal,Left Corner 3,Left Side(L),24+ ft.,22,-224,-11,1,1,20220309,MIN,OKC
Shot Chart Detail,0022100986,366,1627736,Malik Beasley,1610612750,Minnesota Timberwolves,3,8,9,Made Shot,Jump Shot,3PT Field Goal,Above the Break 3,Right Side Center(RC),24+ ft.,25,195,157,1,1,20220309,MIN,OKC
Shot Chart Detail,0022100986,395,1627736,Malik Beasley,1610612750,Minnesota Timberwolves,3,6,2,Made Shot,Jump Shot,3PT Field Goal,Above the Break 3,Left Side Center(LC),24+ ft.,25,-172,185,1,1,20220309,MIN,OKC
Shot Chart Detail,0022100986,533,1627736,Malik Beasley,1610612750,Minnesota Timberwolves,4,7,31,Made Shot,Step Back Jump shot,3PT Field Goal,Above the Break 3,Left Side Center(LC),24+ ft.,25,-169,193,1,1,20220309,MIN,OKC
Shot Chart Detail,0022100986,573,1627736,Malik Beasley,1610612750,Minnesota Timberwolves,4,5,6,Made Shot,Pullup Jump shot,3PT Field Goal,Above the Break 3,Left Side Center(LC),24+ ft.,26,-135,228,1,1,20220309,MIN,OKC
Shot Chart Detail,0022100995,93,1627736,Malik Beasley,1610612750,Minnesota Timberwolves,1,4,42,Made Shot,Pullup Jump shot,3PT Field Goal,Above the Break 3,Center(C),24+ ft.,27,80,259,1,1,20220311,ORL,MIN
Shot Chart Detail,0022100995,348,1627736,Malik Beasley,1610612750,Minnesota Timberwolves,3,9,53,Made Shot,Step Back Jump shot,3PT Field Goal,Right Corner 3,Right Side(R),24+ ft.,23,238,14,1,1,20220311,ORL,MIN
Shot Chart Detail,0022100995,384,1627736,Malik Beasley,1610612750,Minnesota Timberwolves,3,6,4,Made Shot,Cutting Dunk Shot,2PT Field Goal,Restricted Area,Center(C),Less Than 8 ft.,1,11,3,1,1,20220311,ORL,MIN
Shot Chart Detail,0022101005,382,1627736,Malik Beasley,1610612750,Minnesota Timberwolves,3,10,20,Made Shot,Jump Shot,3PT Field Goal,Right Corner 3,Right Side(R),24+ ft.,23,238,6,1,1,20220312,MIA,MIN
Shot Chart Detail,0022101005,411,1627736,Malik Beasley,1610612750,Minnesota Timberwolves,3,8,17,Made Shot,Step Back Jump shot,3PT Field Goal,Above the Break 3,Left Side Center(LC),24+ ft.,24,-184,169,1,1,20220312,MIA,MIN
Shot Chart Detail,0022101005,487,1627736,Malik Beasley,1610612750,Minnesota Timberwolves,3,1,24,Made Shot,Jump Shot,3PT Field Goal,Above the Break 3,Center(C),24+ ft.,25,42,256,1,1,20220312,MIA,MIN
Shot Chart Detail,0022101005,664,1627736,Malik Beasley,1610612750,Minnesota Timberwolves,4,0,49,Made Shot,Jump Shot,3PT Field Goal,Right Corner 3,Right Side(R),24+ ft.,23,237,37,1,1,20220312,MIA,MIN
Shot Chart Detail,0022101039,141,1627736,Malik Beasley,1610612750,Minnesota Timberwolves,1,3,3,Made Shot,Jump Shot,3PT Field Goal,Above the Break 3,Left Side Center(LC),24+ ft.,24,-206,127,1,1,20220316,MIN,LAL
Shot Chart Detail,0022101039,186,1627736,Malik Beasley,1610612750,Minnesota Timberwolves,1,0,25,Made Shot,Jump Shot,3PT Field Goal,Above the Break 3,Left Side Center(LC),24+ ft.,24,-212,115,1,1,20220316,MIN,LAL
Shot Chart Detail,0022101058,345,1627736,Malik Beasley,1610612750,Minnesota Timberwolves,2,0,5,Made Shot,Fadeaway Jump Shot,2PT Field Goal,Mid-Range,Right Side(R),8-16 ft.,9,96,22,1,1,20220319,MIN,MIL
Shot Chart Detail,0022101058,399,1627736,Malik Beasley,1610612750,Minnesota Timberwolves,3,8,12,Made Shot,Jump Shot,3PT Field Goal,Above the Break 3,Left Side Center(LC),24+ ft.,25,-164,190,1,1,20220319,MIN,MIL
Shot Chart Detail,0022101058,623,1627736,Malik Beasley,1610612750,Minnesota Timberwolves,4,3,58,Made Shot,Running Jump Shot,3PT Field Goal,Above the Break 3,Left Side Center(LC),24+ ft.,24,-199,142,1,1,20220319,MIN,MIL
Shot Chart Detail,0022101079,273,1627736,Malik Beasley,1610612750,Minnesota Timberwolves,2,3,32,Made Shot,Jump Shot,3PT Field Goal,Left Corner 3,Left Side(L),24+ ft.,23,-232,1,1,1,20220321,DAL,MIN
Shot Chart Detail,0022101079,459,1627736,Malik Beasley,1610612750,Minnesota Timberwolves,3,0,27,Made Shot,Pullup Jump shot,2PT Field Goal,Mid-Range,Left Side(L),16-24 ft.,18,-165,78,1,1,20220321,DAL,MIN
Shot Chart Detail,0022101079,592,1627736,Malik Beasley,1610612750,Minnesota Timberwolves,4,4,1,Made Shot,Cutting Dunk Shot,2PT Field Goal,Restricted Area,Center(C),Less Than 8 ft.,1,2,16,1,1,20220321,DAL,MIN
Shot Chart Detail,0022101090,312,1627736,Malik Beasley,1610612750,Minnesota Timberwolves,2,3,13,Made Shot,Jump Shot,3PT Field Goal,Right Corner 3,Right Side(R),24+ ft.,22,229,-15,1,1,20220323,MIN,PHX
Shot Chart Detail,0022101090,624,1627736,Malik Beasley,1610612750,Minnesota Timberwolves,4,5,53,Made Shot,Jump Shot,3PT Field Goal,Above the Break 3,Right Side Center(RC),24+ ft.,25,157,206,1,1,20220323,MIN,PHX
Shot Chart Detail,0022101090,664,1627736,Malik Beasley,1610612750,Minnesota Timberwolves,4,3,6,Made Shot,Jump Shot,3PT Field Goal,Left Corner 3,Left Side(L),24+ ft.,23,-233,-20,1,1,20220323,MIN,PHX
Shot Chart Detail,0022101090,688,1627736,Malik Beasley,1610612750,Minnesota Timberwolves,4,1,4,Made Shot,Jump Shot,3PT Field Goal,Right Corner 3,Right Side(R),24+ ft.,23,230,25,1,1,20220323,MIN,PHX
Shot Chart Detail,0022101159,232,1627736,Malik Beasley,1610612750,Minnesota Timberwolves,2,8,18,Made Shot,Jump Shot,3PT Field Goal,Above the Break 3,Right Side Center(RC),24+ ft.,25,103,231,1,1,20220401,DEN,MIN
Shot Chart Detail,0022101159,474,1627736,Malik Beasley,1610612750,Minnesota Timberwolves,3,3,31,Made Shot,Jump Shot,3PT Field Goal,Left Corner 3,Left Side(L),24+ ft.,23,-239,13,1,1,20220401,DEN,MIN
Shot Chart Detail,0022101159,508,1627736,Malik Beasley,1610612750,Minnesota Timberwolves,3,0,47,Made Shot,Jump Shot,3PT Field Goal,Above the Break 3,Right Side Center(RC),24+ ft.,25,203,147,1,1,20220401,DEN,MIN
Shot Chart Detail,0022101159,603,1627736,Malik Beasley,1610612750,Minnesota Timberwolves,4,5,56,Made Shot,Jump Shot,3PT Field Goal,Above the Break 3,Right Side Center(RC),24+ ft.,24,157,189,1,1,20220401,DEN,MIN
Shot Chart Detail,0022101173,24,1627736,Malik Beasley,1610612750,Minnesota Timberwolves,1,9,47,Made Shot,Jump Shot,3PT Field Goal,Left Corner 3,Left Side(L),24+ ft.,23,-234,-16,1,1,20220403,HOU,MIN
Shot Chart Detail,0022101173,37,1627736,Malik Beasley,1610612750,Minnesota Timberwolves,1,7,52,Made Shot,Cutting Finger Roll Layup Shot,2PT Field Goal,Restricted Area,Center(C),Less Than 8 ft.,2,-23,15,1,1,20220403,HOU,MIN
Shot Chart Detail,0022101173,352,1627736,Malik Beasley,1610612750,Minnesota Timberwolves,3,11,1,Made Shot,Jump Shot,3PT Field Goal,Above the Break 3,Right Side Center(RC),24+ ft.,26,138,232,1,1,20220403,HOU,MIN
Shot Chart Detail,0022101173,356,1627736,Malik Beasley,1610612750,Minnesota Timberwolves,3,10,23,Made Shot,Jump Shot,3PT Field Goal,Right Corner 3,Right Side(R),24+ ft.,24,241,4,1,1,20220403,HOU,MIN
Shot Chart Detail,0022101184,49,1627736,Malik Beasley,1610612750,Minnesota Timberwolves,1,7,6,Made Shot,Jump Shot,2PT Field Goal,Mid-Range,Center(C),8-16 ft.,14,10,146,1,1,20220405,MIN,WAS
Shot Chart Detail,0022101184,61,1627736,Malik Beasley,1610612750,Minnesota Timberwolves,1,5,58,Made Shot,Jump Shot,3PT Field Goal,Above the Break 3,Right Side Center(RC),24+ ft.,24,81,236,1,1,20220405,MIN,WAS
Shot Chart Detail,0022101184,73,1627736,Malik Beasley,1610612750,Minnesota Timberwolves,1,5,24,Made Shot,Pullup Jump shot,3PT Field Goal,Right Corner 3,Right Side(R),24+ ft.,23,229,61,1,1,20220405,MIN,WAS
Shot Chart Detail,0022101184,247,1627736,Malik Beasley,1610612750,Minnesota Timberwolves,2,6,8,Made Shot,Pullup Jump shot,3PT Field Goal,Above the Break 3,Center(C),24+ ft.,25,27,252,1,1,20220405,MIN,WAS
Shot Chart Detail,0022101184,262,1627736,Malik Beasley,1610612750,Minnesota Timberwolves,2,5,22,Made Shot,Jump Shot,3PT Field Goal,Above the Break 3,Left Side Center(LC),24+ ft.,25,-85,236,1,1,20220405,MIN,WAS
Shot Chart Detail,0022101199,417,1627736,Malik Beasley,1610612750,Minnesota Timberwolves,3,9,9,Made Shot,Jump Shot,3PT Field Goal,Left Corner 3,Left Side(L),24+ ft.,23,-234,4,1,1,20220407,MIN,SAS
Shot Chart Detail,0022101199,422,1627736,Malik Beasley,1610612750,Minnesota Timberwolves,3,8,41,Made Shot,Jump Shot,3PT Field Goal,Above the Break 3,Center(C),24+ ft.,25,58,246,1,1,20220407,MIN,SAS
Shot Chart Detail,0022101199,449,1627736,Malik Beasley,1610612750,Minnesota Timberwolves,3,6,39,Made Shot,Jump Shot,3PT Field Goal,Left Corner 3,Left Side(L),24+ ft.,23,-228,64,1,1,20220407,MIN,SAS
Shot Chart Detail,0022101224,10,1627736,Malik Beasley,1610612750,Minnesota Timberwolves,1,11,8,Made Shot,Jump Bank Shot,3PT Field Goal,Left Corner 3,Left Side(L),24+ ft.,22,-227,-8,1,1,20220410,MIN,CHI
Shot Chart Detail,0022101224,30,1627736,Malik Beasley,1610612750,Minnesota Timberwolves,1,9,2,Made Shot,Fadeaway Jump Shot,2PT Field Goal,Mid-Range,Right Side(R),8-16 ft.,9,93,-6,1,1,20220410,MIN,CHI
Shot Chart Detail,0022101224,293,1627736,Malik Beasley,1610612750,Minnesota Timberwolves,2,0,54,Made Shot,Jump Shot,3PT Field Goal,Above the Break 3,Left Side Center(LC),24+ ft.,25,-205,147,1,1,20220410,MIN,CHI
